split,p_kpa,tip_y_mm,tip_angle_rad
train,20.0,45.94585494952936,0.34944670937682015
train,40.0,88.08551044888284,0.6988934187536403
val,60.0,122.98446159484027,1.0483401281304603
test,80.0,147.91288956261056,1.3977868375072806
train,30.0,67.71900790961614,0.5241700640652301
val,70.0,136.83034386575875,1.22306348281887
train,50.0,106.63068068970657,0.8736167734420501
test,100.0,161.10541808998727,1.7472335468841
